Tipo,Diferencia_Precio
Diésel,907.4410946969874
Gasolina,0.0
Eléctrico,374.3161469120532
Hybrid,1493.2947405755986
