,Precio,Año,kilometraje,Potencia
Precio,1.0,0.8098433388889428,-0.68218941356322,0.3707885299165107
Año,0.8098433388889428,1.0,-0.6812665861339886,0.006420078154793216
kilometraje,-0.68218941356322,-0.6812665861339886,1.0,0.0005764762676426471
Potencia,0.3707885299165107,0.006420078154793216,0.0005764762676426471,1.0
